product_isin,product_name,underlying_name,underlying_isin,initial_fixing_date,placement_date,maturity_date,nominal_rub,fixed_rate,option_template,enabled,initial_share_price
RU000A1043R4,Б-1-271,ПАО Газпром,RU0007661625,2026-02-27,2026-03-02,2027-03-01,1000,0.1365,single_call,true,127.05
RU000A104DH5,Б-1-297,ПАО Газпром,RU0007661625,2026-04-03,2026-04-07,2027-04-06,1000,0.134,single_call,true,133.07
RU000A104DK9,Б-1-299,ПАО Сбербанк,RU0009029540,2026-02-17,2026-02-19,2027-02-18,1000,0.141,single_call,true,309.57
RU000A104DN3,Б-1-302,ПАО Газпром,RU0007661625,2026-03-06,2026-03-10,2027-03-09,1000,0.134,single_call,true,131.64
RU000A104DQ6,Б-1-304,ПАО Газпром,RU0007661625,2026-03-18,2026-03-20,2027-03-19,1000,0.135,single_call,true,129.03
RU000A10EFP7,Б-1-331,ПАО Газпром,RU0007661625,2026-04-10,2026-04-15,2027-04-14,1000,0.134,single_call,true,128.62
RU000A10EFR3,Б-1-333,ПАО Газпром,RU0007661625,2026-04-23,2026-04-27,2027-04-26,1000,0.135,single_call,true,125.18
RU000A10EVP4,Б-1-390,ПАО Газпром,RU0007661625,2026-05-08,2026-05-13,2027-05-12,1000,0.135,single_call,true,116.65
RU000A10EVS8,Б-1-393,ПАО Газпром,RU0007661625,2026-05-29,2026-06-02,2027-06-01,1000,0.127,single_call,true,115.51
RU000A10EVT6,Б-1-394,ПАО Газпром,RU0007661625,2026-06-17,2026-06-19,2030-03-15,1000,0.5,four_calls,true,109.98
RU000A10EVU4,Б-1-395,ПАО ЛУКОЙЛ,RU0009024277,2026-09-09,2026-09-11,2027-09-10,1000,0.1335,single_call,true,5206.0
RU000A10EVV2,Б-1-396,ПАО Газпром,RU0007661625,2026-06-11,2026-06-16,2027-06-15,1000,0.127,single_call,true,112.55
RU000A10EVX8,Б-1-398,ПАО Газпром,RU0007661625,2026-07-10,2026-07-14,2030-02-08,1000,0.5,four_calls,true,93.11
RU000A10FEC5,Б-1-404,ПАО ЛУКОЙЛ,RU0009024277,2026-09-09,2026-09-11,2030-03-12,1000,0.5,four_calls,true,5206.0
RU000A10FEF8,Б-1-407,ПАО Газпром,RU0007661625,2026-07-23,2026-07-27,2030-02-21,1000,0.5,four_calls,true,90.5
RU000A10FEG6,Б-1-408,ПАО Газпром,RU0007661625,2026-07-23,2026-07-27,2027-07-26,1000,0.135,single_call,true,90.5
RU000A10FEH4,Б-1-409,ПАО Газпром,RU0007661625,2026-08-14,2026-08-18,2030-02-12,1000,0.5,four_calls,true,84.58
RU000A10FEK8,Б-1-411,ПАО Газпром,RU0007661625,2026-08-07,2026-08-11,2027-08-10,1000,0.1325,single_call,true,92.04
RU000A10FEM4,Б-1-403,ПАО Газпром,RU0007661625,2026-07-03,2026-07-07,2027-07-06,1000,0.135,single_call,true,97.25
RU000A10FPE7,Б-1-415,ПАО ЛУКОЙЛ,RU0009024277,2026-08-28,2026-09-01,2030-04-01,1000,0.5,four_calls,true,4578.5
RU000A10FPF4,Б-1-416,ПАО ЛУКОЙЛ,RU0009024277,2026-08-21,2026-08-25,2027-08-24,1000,0.1325,single_call,true,4216.5
RU000A10FPK4,Б-1-420,ПАО Газпром,RU0007661625,2026-09-25,2026-09-29,2027-09-28,1000,0.137,single_call,true,98.52
RU000A10FPH0,Б-1-418,ПАО Газпром,RU0007661625,2026-10-02,2026-10-06,2030-04-02,1000,0.5,four_calls,true,95.97
