product_name,observation_date,payment_date,strike_ratio,participation
Б-1-271,2027-02-18,2027-03-01,2.0,0.01
Б-1-297,2027-03-30,2027-04-06,2.0,0.01
Б-1-299,2027-02-11,2027-02-18,2.0,0.01
Б-1-302,2027-03-01,2027-03-09,2.0,0.01
Б-1-304,2027-03-12,2027-03-19,2.0,0.01
Б-1-331,2027-04-07,2027-04-14,2.0,0.01
Б-1-333,2027-04-19,2027-04-26,2.0,0.01
Б-1-390,2027-05-04,2027-05-12,2.0,0.01
Б-1-393,2027-05-25,2027-06-01,2.0,0.01
Б-1-394,2027-06-10,2027-06-18,2.0,0.001
Б-1-394,2028-06-08,2028-06-16,2.0,0.001
Б-1-394,2029-06-06,2029-06-15,2.0,0.001
Б-1-394,2030-03-07,2030-03-15,2.0,0.01
Б-1-395,2027-09-03,2027-09-10,2.0,0.01
Б-1-396,2027-06-07,2027-06-15,2.0,0.01
Б-1-398,2027-07-06,2027-07-13,2.0,0.001
Б-1-398,2028-07-04,2028-07-11,2.0,0.001
Б-1-398,2029-07-03,2029-07-10,2.0,0.001
Б-1-398,2030-02-01,2030-02-08,2.0,0.01
Б-1-403,2027-06-29,2027-07-06,2.0,0.01
Б-1-404,2027-09-03,2027-09-10,2.0,0.001
Б-1-404,2028-09-01,2028-09-08,2.0,0.001
Б-1-404,2029-08-31,2029-09-07,2.0,0.001
Б-1-404,2030-03-04,2030-03-12,2.0,0.01
Б-1-407,2027-07-19,2027-07-26,2.0,0.001
Б-1-407,2028-07-17,2028-07-24,2.0,0.001
Б-1-407,2029-07-16,2029-07-23,2.0,0.001
Б-1-407,2030-02-14,2030-02-21,2.0,0.01
Б-1-408,2027-07-19,2027-07-26,2.0,0.01
Б-1-409,2027-08-10,2027-08-17,2.0,0.001
Б-1-409,2028-08-08,2028-08-15,2.0,0.001
Б-1-409,2029-08-07,2029-08-14,2.0,0.001
Б-1-409,2030-02-05,2030-02-12,2.0,0.01
Б-1-411,2027-08-03,2027-08-10,2.0,0.01
Б-1-415,2027-08-24,2027-08-31,2.0,0.001
Б-1-415,2028-08-22,2028-08-29,2.0,0.001
Б-1-415,2029-08-21,2029-08-28,2.0,0.001
Б-1-415,2030-03-25,2030-04-01,2.0,0.01
Б-1-416,2027-08-17,2027-08-24,2.0,0.01
Б-1-418,2027-09-28,2027-10-05,2.0,0.001
Б-1-418,2028-09-26,2028-10-03,2.0,0.001
Б-1-418,2029-09-25,2029-10-02,2.0,0.001
Б-1-418,2030-03-26,2030-04-02,2.0,0.01
Б-1-420,2027-09-21,2027-09-28,2.0,0.01
