product_isin,product_name,underlying_name,underlying_isin,initial_fixing_date,placement_date,observation_date,payment_date,nominal_rub,fixed_payoff_rub,digital_payoff_rub,barrier_ratio,fixed_rate_pa,digital_rate_pa,initial_clean_price_pct
RU000A1043T0,Б-1-273,ОФЗ 26248,RU000A108EH4,2026-03-06,2026-03-11,2027-03-02,2027-03-10,1000,0,250,1.07,0.0,0.25,88.357
RU000A104DG7,Б-1-296,ОФЗ 26248,RU000A108EH4,2026-02-06,2026-02-10,2027-02-02,2027-02-09,1000,0,250,1.05,0.0,0.25,86.5
RU000A104DJ1,Б-1-298,ОФЗ 26248,RU000A108EH4,2026-02-17,2026-02-19,2026-08-13,2026-08-20,1000,50,50,1.07,0.1,0.1,88.889
RU000A104DL7,Б-1-300,ОФЗ 26248,RU000A108EH4,2026-02-20,2026-02-25,2027-02-16,2027-02-24,1000,0,245,1.05,0.0,0.245,88.9
RU000A104DS2,Б-1-306,ОФЗ 26248,RU000A108EH4,2026-04-10,2026-04-14,2026-10-06,2026-10-13,1000,0,100,1.05,0.0,0.2,88.32
RU000A10DME9,Б-1-387,ОФЗ 26248,RU000A108EH4,2025-12-12,2025-12-16,2026-12-09,2026-12-16,1000,0,250,1.05,0.0,0.25,90.433
RU000A10DMF6,Б-1-388,ОФЗ 26248,RU000A108EH4,2025-12-24,2025-12-26,2026-12-21,2026-12-26,1000,0,250,1.05,0.0,0.25,89.387
RU000A10EFQ5,Б-1-332,ОФЗ 26248,RU000A108EH4,2026-04-24,2026-04-28,2026-10-20,2026-10-27,1000,0,95,1.05,0.0,0.19,88.803
RU000A10EVQ2,Б-1-391,ОФЗ 26248,RU000A108EH4,2026-05-22,2026-05-26,2027-05-18,2027-05-25,1000,0,250,1.05,0.0,0.25,88.098
RU000A10EVR0,Б-1-392,ОФЗ 26252,RU000A10D4Y2,2026-09-09,2026-09-11,2027-09-03,2027-09-10,1000,0,235,1.05,0.0001,0.235,87.68
RU000A10EVW0,Б-1-397,ОФЗ 26248,RU000A108EH4,2026-07-03,2026-07-07,2027-06-29,2027-07-06,1000,0,235,1.05,0.0,0.235,80.699
RU000A10FED3,Б-1-405,ОФЗ 26254,RU000A10D533,2026-07-10,2026-07-14,2027-07-06,2027-07-13,1000,0,260,1.05,0.0,0.26,85.889
RU000A10FEE1,Б-1-406,ОФЗ 26254,RU000A10D533,2026-07-22,2026-07-24,2027-07-16,2027-07-23,1000,0,260,1.05,0.0,0.26,85.328
RU000A10FEJ0,Б-1-410,ОФЗ 26252,RU000A10D4Y2,2026-08-07,2026-08-11,2027-08-03,2027-08-10,1000,0,245,1.05,0.0,0.245,89.079
RU000A10FPD9,Б-1-414,ОФЗ 26252,RU000A10D4Y2,2026-08-21,2026-08-25,2027-08-17,2027-08-24,1000,0,235,1.05,0.0,0.235,88.0
RU000A10FPG2,Б-1-417,ОФЗ 26252,RU000A10D4Y2,2026-08-28,2026-09-01,2027-08-24,2027-08-31,1000,0,235,1.05,0.0,0.235,87.697
RU000A10FPJ6,Б-1-419,ОФЗ 26238,RU000A1038V6,2026-09-25,2026-09-29,2027-09-21,2027-09-28,1000,0,230,1.05,0.0001,0.23,51.69
RU000A10FQH8,Б-1-413,ОФЗ 26252,RU000A10D4Y2,2026-08-14,2026-08-18,2027-08-10,2027-08-17,1000,0,245,1.05,0.0,0.245,88.283
